{"stats":{"minecraft:killed_by":{"minecraft:zombie":4,"minecraft:ender_dragon":4,"minecraft:creeper":1,"minecraft:cave_spider":1,"minecraft:witch":1,"minecraft:enderman":2},"minecraft:killed":{"minecraft:cave_spider":325,"minecraft:cod":1,"minecraft:shulker":25,"minecraft:skeleton":75,"minecraft:guardian":93,"minecraft:chicken":3,"minecraft:elder_guardian":3,"minecraft:zombie":156,"quark:toretoise":2,"minecraft:enderman":91,"minecraft:zombified_piglin":17,"minecraft:witch":3,"minecraft:spider":40,"minecraft:silverfish":6,"artifacts:mimic":1,"minecraft:piglin":8,"minecraft:pig":7,"minecraft:zombie_villager":2,"minecraft:creeper":41,"minecraft:sheep":5,"minecraft:ghast":4,"minecraft:phantom":12,"minecraft:drowned":6,"quark:foxhound":5,"minecraft:hoglin":2,"minecraft:squid":5,"minecraft:villager":103},"minecraft:broken":{"minecraft:diamond_helmet":1,"supertools:shoveliron":1,"minecraft:diamond_pickaxe":32,"minecraft:iron_sword":2,"supertools:hammerstone":1,"minecraft:iron_hoe":2,"minecraft:diamond_leggings":1,"minecraft:iron_axe":1,"minecraft:iron_pickaxe":4,"minecraft:stone_pickaxe":1,"minecraft:diamond_boots":1,"minecraft:diamond_chestplate":1,"create:sand_paper":4},"minecraft:mined":{"minecraft:dark_oak_planks":8,"minecraft:dragon_wall_head":1,"minecraft:white_bed":8,"powah:energizing_orb":28,"minecraft:obsidian":903,"minecraft:stone_brick_wall":1,"quark:dusky_myalite":795,"torchmaster:feral_flare_lantern":1,"minecraft:oxeye_daisy":16,"minecraft:hopper":43,"create:belt":13,"create:rotation_speed_controller":2,"minecraft:oak_wall_sign":4,"minecraft:spawner":2,"minecraft:tall_seagrass":6,"minecraft:chorus_flower":1,"minecraft:magma_block":266,"powah:energy_cell_hardened":1,"minecraft:dark_oak_trapdoor":20,"create:speedometer":3,"minecraft:barrel":7,"minecraft:fire":55,"minecraft:fletching_table":1,"engineersdecor:metal_crafting_table":2,"powah:energizing_rod_starter":3,"quark:limestone":2,"minecraft:oak_stairs":47,"powah:uraninite_ore_poor":242,"immersiveengineering:balloon":6,"create:gearshift":5,"create:mechanical_press":2,"minecraft:tripwire":2,"create:cogwheel":98,"engineersdecor:metal_sliding_door":1,"engineersdecor:steel_catwalk_stairs":4,"minecraft:kelp_plant":82,"minecraft:crimson_nylium":36,"minecraft:smoker":1,"quark:dark_oak_ladder":11,"farmersdelight:oak_pantry":1,"powah:uraninite_ore":110,"engineersdecor:factory_hopper":1,"quark:purpur_chest":9,"minecraft:torch":82,"butchersdelight:hookedsheepskinned":1,"immersiveengineering:connector_hv":3,"quark:netherrack_speleothem":47,"create:framed_glass":8,"quark:paper_wall_sakura":5,"minecraft:glass":109,"minecraft:sugar_cane":35,"minecraft:birch_sapling":29,"create:basin":1,"minecraft:white_terracotta":31,"create:andesite_belt_funnel":2,"minecraft:repeater":95,"power_up_obsidians:diotisia":5,"create:portable_storage_interface":9,"create:flywheel":3,"immersiveengineering:alloy_smelter":2,"immersiveengineering:cokebrick":122,"vehicle:fluid_pipe":10,"minecraft:wheat":4,"create:mechanical_mixer":1,"minecraft:stone_brick_stairs":5,"quark:paper_wall_big":41,"minecraft:infested_mossy_stone_bricks":1,"quark:birch_chest":4,"minecraft:grass":505,"create:gabbro":2,"minecraft:oak_fence_gate":3,"create:stressometer":5,"immersiveengineering:conveyor_basic":4,"minecraft:stonecutter":1,"minecraft:piston":6,"powah:energy_cable_hardened":191,"create:zinc_ore":441,"minecraft:dark_prismarine":36,"create:millstone":4,"minecraft:mossy_cobblestone":8,"minecraft:dark_oak_log":409,"minecraft:end_stone":631,"minecraft:shulker_box":21,"quark:cobbled_deepslate":144,"minecraft:redstone_wire":39,"cfm:rock_path":7,"immersiveengineering:coke_oven":7,"create:mechanical_arm":7,"farmersdelight:wild_cabbages":2,"minecraft:kelp":31,"minecraft:cartography_table":2,"immersiveengineering:ore_silver":171,"minecraft:white_concrete_powder":1,"minecraft:redstone_ore":231,"create:shaft":137,"immersiveengineering:breaker_switch":8,"power_up_obsidians:scarcitaore":14,"minecraft:andesite":1434,"quark:smooth_basalt":147,"worlds_with_ores:netherbricklavaobsidian":1,"minecraft:potatoes":37,"minecraft:cobblestone_slab":139,"minecraft:rail":128,"create:deployer":35,"minecraft:bamboo":71,"quark:permafrost":1,"minecraft:ender_chest":1,"minecraft:white_wool":20,"immersiveengineering:ore_aluminum":87,"minecraft:smithing_table":6,"minecraft:oak_slab":8,"minecraft:redstone_block":1,"minecraft:glass_pane":24,"engineersdecor:steel_table":12,"minecraft:comparator":3,"quark:oak_chest":3,"engineersdecor:steel_catwalk":52,"engineersdecor:fluid_barrel":10,"quark:marble_bricks":1350,"powah:energizing_rod_basic":2,"minecraft:stone_brick_slab":7,"minecraft:observer":26,"minecraft:dandelion":10,"engineersdecor:labeled_crate":2,"minecraft:cornflower":4,"minecraft:warped_roots":1,"worlds_with_ores:netherbricklavabrown":71,"immersiveengineering:heavy_engineering":4,"create:water_wheel":8,"minecraft:campfire":3,"immersiveengineering:blastbrick_reinforced":53,"minecraft:purpur_pillar":2,"minecraft:tall_grass":103,"create:mechanical_saw":3,"create:blaze_burner":2,"farmersdelight:skillet":2,"quark:paper_wall":9,"create:gearbox":54,"immersiveengineering:ore_uranium":19,"minecraft:birch_leaves":395,"worlds_with_ores:netherbrickbrinstar":47,"quark:deepslate":2187,"create:crushing_wheel":8,"create:mechanical_bearing":1,"immersiveengineering:tank":2,"minecraft:gravel":1773,"minecraft:cobweb":116,"quark:crimson_chest":1,"minecraft:oak_button":1,"minecraft:stone_bricks":11,"waterstrainer:strainer_base":10,"minecraft:gold_ore":5871,"quark:root":10,"immersiveengineering:treated_fence":5,"immersiveengineering:capacitor_hv":2,"minecraft:spruce_planks":5,"minecraft:oak_sapling":93,"minecraft:farmland":90,"immersiveengineering:fluid_pipe":158,"minecraft:cobblestone_stairs":11,"paraglider:rito_goddess_statue":1,"immersiveengineering:advanced_blast_furnace":3,"minecraft:brewing_stand":3,"minecraft:grass_block":3271,"powah:uraninite_ore_dense":18,"minecraft:white_concrete":40,"minecraft:composter":8,"worlds_with_ores:netherbrickguts":62,"minecraft:iron_ore":8285,"engineersdecor:factory_dropper":1,"create:copper_ore":207,"minecraft:azure_bluet":6,"immersiveengineering:sheetmetal_steel":16,"prettypipes:pressurizer":4,"minecraft:iron_bars":5,"immersiveengineering:ore_lead":96,"minecraft:end_stone_bricks":22,"waterstrainer:worm_bin":3,"create:radial_chassis":1,"minecraft:blackstone":48,"prettypipes:crafting_terminal":7,"minecraft:purpur_stairs":1,"minecraft:clay":1029,"quark:biotite_ore":188,"minecraft:poppy":4,"minecraft:chest":59,"quark:stone_speleothem":14,"farmersdelight:safety_net":6,"quark:polished_marble":265,"immersiveengineering:coke":1,"minecraft:nether_quartz_ore":837,"minecraft:cobblestone":833,"minecraft:prismarine":19,"minecraft:oak_planks":615,"minecraft:iron_door":18,"minecraft:wall_torch":76,"create:furnace_engine":3,"immersiveengineering:alloybrick":8,"minecraft:seagrass":1,"minecraft:warped_nylium":36,"minecraft:powered_rail":7,"minecraft:nether_wart_block":1,"minecraft:lapis_block":1,"minecraft:dark_oak_door":2,"minecraft:birch_trapdoor":68,"quark:marble":18671,"minecraft:birch_log":98,"farmersdelight:cutting_board":1,"minecraft:blue_ice":3,"paraglider:kakariko_goddess_statue":2,"minecraft:stripped_oak_wood":1,"minecraft:purpur_block":1,"minecraft:oak_log":851,"immersiveengineering:fluid_pump":6,"create:sequenced_gearshift":2,"minecraft:sand":224,"minecraft:dirt":4179,"minecraft:dispenser":22,"create:encased_chain_drive":1,"cfm:cyan_kitchen_counter":8,"minecraft:oak_leaves":3306,"minecraft:netherrack":8463,"minecraft:ancient_debris":20,"immersiveengineering:workbench":1,"create:brass_funnel":3,"minecraft:nether_gold_ore":134,"minecraft:diamond_ore":283,"immersiveengineering:ore_copper":311,"butchersdelight:salt":3,"minecraft:oak_door":12,"minecraft:dark_oak_leaves":463,"quark:grate":2,"immersiveengineering:cloche":29,"prettypipes:pipe":186,"create:natural_scoria":595,"minecraft:ladder":1,"minecraft:lever":11,"gravestone:gravestone":23,"immersiveengineering:ore_nickel":25,"create:large_cogwheel":72,"create:depot":9,"quark:birch_trapped_chest":2,"minecraft:soul_campfire":1,"quark:acacia_chest":1,"immersiveengineering:slab_sheetmetal_steel":1,"minecraft:sandstone":43,"minecraft:oak_trapdoor":27,"minecraft:furnace":4,"minecraft:carrots":158,"immersiveengineering:hemp":69,"create:white_sail":22,"minecraft:gold_block":11,"immersiveengineering:sample_drill":3,"minecraft:bookshelf":466,"minecraft:stripped_oak_log":20,"minecraft:packed_ice":2877,"minecraft:wet_sponge":118,"immersiveengineering:light_engineering":1,"minecraft:chorus_plant":19,"minecraft:stone":12672,"minecraft:redstone_wall_torch":2,"farmersdelight:cooking_pot":1,"quark:myalite":36,"minecraft:scaffolding":205,"immersiveengineering:sheetmetal_iron":11,"minecraft:infested_stone_bricks":4,"minecraft:oak_fence":84,"minecraft:crafting_table":1,"minecraft:rose_bush":1,"engineersdecor:factory_placer":1,"minecraft:lectern":2,"quark:polished_marble_slab":75,"farmersdelight:carrot_crate":1,"minecraft:lapis_ore":26,"butchersdelight:deadchickenblock":4,"minecraft:spruce_stairs":2,"minecraft:prismarine_bricks":46,"create:mechanical_harvester":12,"minecraft:redstone_torch":1,"minecraft:ice":3,"minecraft:yellow_bed":1,"minecraft:grass_path":99,"elevatorid:elevator_white":2,"immersiveengineering:steel_scaffolding_standard":69,"minecraft:coal_ore":19686,"worlds_with_ores:netherbricklavastonedark":64,"create:mechanical_crafter":93,"minecraft:end_rod":1,"minecraft:cracked_stone_bricks":6,"minecraft:polished_andesite":1,"quark:marble_bricks_stairs":7,"minecraft:mossy_stone_bricks":9,"paraglider:goddess_statue":8},"minecraft:used":{"immersiveengineering:fluid_pump":10,"farmersdelight:onion_crate":120,"quark:grate":25,"create:deployer":41,"quark:cobbled_deepslate":752,"cgm:machine_pistol":9,"minecraft:dispenser":46,"minecraft:ladder":28,"minecraft:chest":174,"minecraft:stone":641,"immersiveengineering:craftingtable":1,"cfm:cyan_kitchen_counter":20,"engineersdecor:labeled_crate":6,"create:depot":13,"create:white_sail":67,"quark:polished_marble_slab":186,"create:mechanical_crafter":114,"immersiveengineering:balloon":5,"engineersdecor:steel_catwalk":62,"immersiveengineering:rs_engineering":8,"quark:birch_ladder":3,"minecraft:villager_spawn_egg":6,"minecraft:grass_block":16,"supertools:shoveliron":247,"minecraft:music_disc_wait":2,"waterstrainer:worm_bin":3,"create:andesite_funnel":7,"minecraft:cooked_cod":16,"minecraft:bow":2,"minecraft:furnace":6,"create:shaft":188,"create:rotation_speed_controller":5,"immersiveengineering:blastfurnace_preheater":8,"minecraft:oak_sapling":8,"immersiveengineering:capacitor_hv":2,"minecraft:egg":2,"create:sequenced_gearshift":2,"worlds_with_ores:ironworld":1,"immersive_aircraft:biplane":23,"minecraft:potato":132,"engineersdecor:steel_catwalk_stairs":8,"quark:marble_bricks_stairs":19,"minecraft:mossy_stone_bricks":4,"worlds_with_ores:lapisworld":1,"minecraft:end_stone_bricks":1,"minecraft:powered_rail":30,"minecraft:prismarine":3,"minecraft:blackstone":11,"minecraft:cactus":6,"minecraft:composter":13,"elevatorid:elevator_white":6,"minecraft:golden_apple":66,"minecraft:dark_oak_trapdoor":42,"minecraft:sand":26,"supertools:shoveldiamond":953,"quark:marble":5,"minecraft:blue_ice":3,"butchersdelight:cookedbeefribs":1,"prettypipes:item_terminal":1,"quark:paper_wall":9,"immersiveengineering:hammer":190,"engineersdecor:small_lab_furnace":1,"minecraft:stone_button":2,"minecraft:lectern":3,"cgm:assault_rifle":985,"minecraft:diamond_sword":282,"minecraft:coal_block":1,"create:basin":2,"minecraft:smithing_table":7,"minecraft:birch_log":2,"minecraft:oak_boat":18,"minecraft:oak_trapdoor":52,"create:framed_glass":156,"powah:energizing_orb":27,"powah:energizing_rod_starter":2,"immersiveengineering:radiator":4,"prettypipes:pressurizer":6,"minecraft:cooked_salmon":30,"minecraft:netherrack":764,"quark:paper_wall_big":41,"waystones:bound_scroll":5,"minecraft:torch":538,"minecraft:brewing_stand":3,"minecraft:anvil":2,"quark:marble_bricks":2591,"powah:energy_cell_hardened":2,"engineersdecor:factory_dropper":1,"immersiveengineering:steel_fence":12,"butchersdelight:cleaver":10,"immersiveengineering:storage_steel":18,"farmersdelight:oak_pantry":19,"create:gearbox":25,"create:wrench":257,"immersiveengineering:workbench":3,"minecraft:iron_block":5,"minecraft:iron_axe":224,"minecraft:slime_block":4,"minecraft:barrel":8,"minecraft:bamboo":23,"minecraft:glowstone":2,"create:encased_chain_drive":1,"minecraft:iron_trapdoor":3,"farmersdelight:cooking_pot":2,"minecraft:observer":61,"vehicle:fluid_pipe":10,"create:belt_connector":33,"waterstrainer:strainer_base":20,"minecraft:wheat_seeds":26,"minecraft:water_bucket":248,"minecraft:birch_planks":8,"minecraft:cartography_table":1,"cgm:pistol":51,"minecraft:cauldron":7,"minecraft:fletching_table":2,"minecraft:cracked_stone_bricks":1,"create:blaze_burner":2,"minecraft:diamond_block":13,"minecraft:rail":248,"minecraft:crafting_table":2,"minecraft:oak_slab":68,"minecraft:comparator":7,"farmersdelight:cod_slice":1,"worlds_with_ores:coalword":3,"minecraft:white_bed":23,"minecraft:campfire":1,"quark:paper_wall_sakura":5,"minecraft:oak_log":256,"minecraft:ender_eye":20,"minecraft:diamond_pickaxe":81851,"minecraft:diamond_shovel":1020,"minecraft:oak_button":3,"minecraft:iron_pickaxe":1000,"immersiveengineering:light_engineering":43,"create:water_wheel":14,"create:mechanical_arm":34,"minecraft:cobblestone":1603,"immersiveengineering:sheetmetal_iron":382,"travelersbackpack:standard":2,"minecraft:dandelion":1,"minecraft:kelp":12,"minecraft:stripped_oak_log":15,"immersiveengineering:steel_scaffolding_standard":152,"minecraft:glass_pane":113,"immersiveengineering:blastbrick_reinforced":181,"quark:oak_chest":10,"minecraft:jukebox":1,"minecraft:oak_sign":16,"farmersdelight:cabbage_rolls":70,"minecraft:diamond_hoe":160,"immersiveengineering:seed":32,"create:portable_storage_interface":16,"minecraft:white_concrete_powder":41,"farmersdelight:stove":2,"butchersdelight:hook":1,"minecraft:iron_sword":445,"immersiveengineering:breaker_switch":10,"immersiveengineering:wooden_barrel":4,"create:mechanical_bearing":5,"powah:reactor_hardened":1,"prettypipes:wrench":114,"butchersdelight:cookedporkribs":10,"engineersdecor:fluid_barrel":10,"paraglider:goddess_statue":6,"create:cogwheel":172,"minecraft:carrot":136,"immersiveengineering:cokebrick":389,"create:speedometer":3,"minecraft:obsidian":3,"quark:limestone":1,"butchersdelight:deadchickenblock":4,"minecraft:glass":174,"minecraft:coal_ore":89,"littlelogistics:fishing_barge":3,"engineersdecor:factory_placer":1,"create:millstone":3,"minecraft:repeater":162,"minecraft:hopper_minecart":4,"butchersdelight:cookedsheepshank":4,"farmersdelight:tomato_sauce":4,"quark:smooth_basalt":28,"minecraft:stone_bricks":7,"minecraft:birch_trapdoor":107,"immersiveengineering:coke":1,"farmersdelight:cutting_board":2,"minecraft:scaffolding":532,"farmersdelight:safety_net":16,"minecraft:gold_block":15,"cgm:heavy_rifle":61,"quark:dark_oak_ladder":3,"minecraft:dropper":1,"create:crushing_wheel":12,"minecraft:stone_pickaxe":131,"minecraft:oak_planks":518,"immersiveengineering:survey_tools":14,"minecraft:ender_pearl":20,"quark:birch_trapped_chest":8,"immersiveengineering:sheetmetal_steel":46,"minecraft:redstone_block":4,"minecraft:sugar_cane":30,"minecraft:diamond_axe":3575,"worlds_with_ores:goldworld":1,"create:mechanical_saw":6,"immersiveengineering:wirecoil_steel":5,"create:flywheel":5,"supertools:hammeriron":419,"butchersdelight:cooked_ham":15,"minecraft:loom":2,"minecraft:lingering_potion":3,"minecraft:end_stone":234,"minecraft:sticky_piston":2,"minecraft:redstone_torch":42,"waystones:waystone":3,"minecraft:lever":19,"minecraft:string":2,"create:super_glue":17,"minecraft:music_disc_mall":2,"paraglider:kakariko_goddess_statue":2,"immersiveengineering:connector_hv":4,"minecraft:gravel":4,"minecraft:iron_door":2,"power_up_obsidians:scarcita_sword":807,"powah:energy_cable_hardened":429,"engineersdecor:factory_hopper":1,"immersive_aircraft:gyrodyne":27,"spartanshields:shield_basic_netherite":3,"create:vertical_gearbox":57,"minecraft:grindstone":1,"minecraft:bone_meal":90,"create:stressometer":6,"quark:purpur_chest":9,"create:large_cogwheel":110,"minecraft:oak_fence":8,"immersiveengineering:conveyor_basic":26,"minecraft:flint_and_steel":3,"quark:birch_chest":8,"supertools:hammerstone":115,"minecraft:redstone":120,"minecraft:spruce_planks":2,"minecraft:ender_chest":2,"worlds_with_ores:netherbricklavabrown":2,"minecraft:oak_door":14,"engineersdecor:steel_table":12,"minecraft:dirt":2636,"immersiveengineering:fluid_pipe":308,"minecraft:hopper":117,"create:mechanical_mixer":1,"engineersdecor:metal_crafting_table":2,"immersiveengineering:sample_drill":4,"minecraft:cobblestone_wall":3,"farmersdelight:carrot_crate":43,"minecraft:shulker_box":21,"butchersdelight:cooked_sheeploin":2,"engineersdecor:metal_sliding_door":4,"prettypipes:crafting_terminal":12,"waystones:portstone":1,"minecraft:iron_hoe":79,"minecraft:wooden_axe":1,"immersiveengineering:treated_fence":45,"create:furnace_engine":5,"powah:wrench":50,"immersiveengineering:slab_sheetmetal_steel":16,"paraglider:rito_goddess_statue":3,"torchmaster:feral_flare_lantern":17,"minecraft:emerald_block":13,"create:radial_chassis":14,"waystones:warp_plate":1,"minecraft:minecart":1,"farmersdelight:cooked_mutton_chops":6,"immersiveengineering:alloybrick":18,"immersiveengineering:blastbrick":27,"worlds_with_ores:netherbrickbrinstar":6,"travelersbackpack:fox":24,"create:gearshift":5,"immersiveengineering:cloche":42,"minecraft:cooked_mutton":1,"farmersdelight:skillet":3,"minecraft:cobblestone_stairs":20,"minecraft:glass_bottle":2,"minecraft:baked_potato":488,"supertools:hammerdiamond":1140,"worlds_with_ores:diamondworld":1,"minecraft:stonecutter":1,"minecraft:cobblestone_slab":1748,"farmersdelight:onion":4,"create:mechanical_harvester":17,"create:brass_funnel":6,"quark:acacia_chest":1,"powah:dry_ice":2,"prettypipes:pipe":490,"minecraft:smoker":1,"minecraft:dark_oak_door":2,"minecraft:piston":17,"farmersdelight:apple_cider":3,"minecraft:apple":1,"immersiveengineering:heavy_engineering":18,"create:mechanical_press":1,"create:windmill_bearing":2,"powah:energizing_rod_basic":35,"worlds_with_ores:redstoneworld":1,"minecraft:bucket":546,"minecraft:lapis_block":1,"quark:polished_marble":531,"worlds_with_ores:emeraldworld":1},"minecraft:picked_up":{"farmersdelight:cabbage_rolls":3,"torchmaster:feral_flare_lantern":1,"cgm:basic_bullet":1329,"minecraft:prismarine_shard":55,"minecraft:suspicious_stew":4,"minecraft:smithing_table":6,"minecraft:lead":7,"minecraft:diamond_sword":1,"minecraft:oak_stairs":47,"create:wrench":1,"minecraft:enchanted_book":11,"immersive_aircraft:hull_reinforcement":3,"minecraft:brewing_stand":3,"minecraft:golden_sword":5,"farmersdelight:cutting_board":1,"quark:paper_wall_big":41,"immersive_aircraft:improved_landing_gear":20,"minecraft:music_disc_cat":1,"paraglider:goddess_statue":8,"minecraft:string":292,"minecraft:dark_oak_trapdoor":19,"cgm:machine_pistol":1,"minecraft:soul_soil":1,"minecraft:cooked_salmon":90,"cgm:long_scope":2,"minecraft:pufferfish":3,"powah:uraninite_ore_poor":27,"create:water_wheel":8,"minecraft:diamond_leggings":1,"minecraft:gold_nugget":911,"minecraft:spruce_planks":5,"prettypipes:pressurizer":4,"butchersdelight:garlic":1,"quark:root_item":29,"minecraft:melon_slice":1053,"minecraft:coal_block":345,"cgm:advanced_bullet":944,"minecraft:dark_oak_door":2,"minecraft:diamond_ore":1,"butchersdelight:porkribs":14,"immersiveengineering:shader_bag_epic":1,"cgm:light_grip":1,"paraglider:kakariko_goddess_statue":2,"powah:energizing_orb":28,"minecraft:composter":8,"minecraft:purpur_pillar":2,"supertools:hammeriron":1,"immersiveengineering:coke":127,"cgm:medium_scope":1,"quark:clear_shard":259,"minecraft:tropical_fish":1,"create:scoria":466,"farmersdelight:onion":1035,"farmersdelight:rope":19,"minecraft:end_rod":1,"create:mechanical_arm":7,"prettypipes:high_extraction_module":21,"minecraft:white_terracotta":31,"minecraft:iron_bars":16,"quark:marble":18380,"minecraft:birch_log":99,"engineersdecor:factory_dropper":1,"minecraft:magma_block":265,"minecraft:feather":4,"farmersdelight:rice":4,"minecraft:iron_door":18,"minecraft:water_bucket":48,"farmersdelight:safety_net":6,"minecraft:smoker":1,"butchersdelight:deadpig":7,"minecraft:flint":178,"prettypipes:crafting_terminal":7,"farmersdelight:carrot_crate":1,"minecraft:map":1,"farmersdelight:tomato":772,"create:encased_chain_drive":1,"create:copper_ingot":107,"minecraft:stonecutter":1,"engineersdecor:steel_catwalk_stairs":4,"create:goggles":1,"create:shaft":143,"minecraft:diamond_helmet":1,"create:gearshift":4,"patchouli:guide_book":2,"supertools:shoveliron":1,"immersive_aircraft:gyroscope":6,"minecraft:ink_sac":16,"minecraft:trapped_chest":1,"minecraft:dark_oak_log":409,"minecraft:barrel":7,"quark:cobbled_deepslate":1925,"minecraft:iron_hoe":1,"minecraft:dispenser":22,"minecraft:lever":14,"minecraft:blue_ice":217,"minecraft:golden_horse_armor":2,"minecraft:bread":3,"immersiveengineering:conveyor_basic":141,"minecraft:diamond_pickaxe":6,"minecraft:crafting_table":1,"minecraft:clay_ball":4116,"butchersdelight:item_salt":8,"minecraft:dragon_head":1,"paraglider:heart_container":1,"gravestone:obituary":4,"minecraft:purpur_block":1,"immersiveengineering:ore_nickel":25,"minecraft:cornflower":5,"immersiveengineering:manual":1,"powah:energizing_rod_starter":7,"immersiveengineering:ore_copper":300,"minecraft:elytra":1,"minecraft:iron_shovel":1,"minecraft:glass_pane":3,"cgm:weighted_stock":2,"minecraft:cracked_stone_bricks":1,"minecraft:cartography_table":2,"create:brass_funnel":4,"immersiveengineering:fluid_pump":6,"quark:permafrost":1,"farmersdelight:cod_slice":640,"immersiveengineering:treated_fence":5,"immersiveengineering:coresample":5,"minecraft:iron_nugget":197,"minecraft:poppy":7,"minecraft:minecart":46,"minecraft:chest":73,"minecraft:birch_sapling":68,"minecraft:piston":6,"minecraft:egg":8,"minecraft:sandstone":43,"minecraft:stone":1319,"minecraft:oak_door":16,"farmersdelight:cabbage_crate":27,"farmersdelight:tomato_seeds":4,"minecraft:carrot":2749,"minecraft:redstone":1328,"create:brass_casing":2,"immersiveengineering:wirecoil_steel":16,"minecraft:prismarine_crystals":18,"create:vertical_gearbox":35,"minecraft:tnt":2,"engineersdecor:metal_crafting_table":3,"butchersdelight:deadsheep":5,"minecraft:diamond_chestplate":1,"minecraft:cooked_cod":8,"immersiveengineering:cloche":29,"quark:acacia_chest":1,"minecraft:shears":1,"minecraft:diamond_boots":3,"farmersdelight:oak_pantry":1,"immersiveengineering:blastbrick_reinforced":56,"create:depot":9,"minecraft:gold_ingot":136,"artifacts:pocket_piston":1,"minecraft:mutton":4,"immersiveengineering:light_engineering":1,"minecraft:white_wool":38,"minecraft:rail":452,"minecraft:bone_block":22,"minecraft:oxeye_daisy":16,"minecraft:stripped_oak_log":20,"quark:polished_marble_slab":75,"minecraft:clock":1,"immersive_aircraft:nether_engine":18,"powah:energy_cell_hardened":1,"minecraft:purpur_stairs":1,"minecraft:ancient_debris":20,"minecraft:oak_log":867,"minecraft:lily_pad":9,"quark:paper_wall_sakura":5,"farmersdelight:skillet":2,"worlds_with_ores:netherbrickguts":62,"quark:limestone":1,"minecraft:paper":30,"minecraft:white_banner":4,"immersiveengineering:slag":64,"create:crushing_wheel":8,"immersiveengineering:cokebrick":177,"minecraft:apple":33,"minecraft:stone_bricks":11,"farmersdelight:cooking_pot":1,"minecraft:kelp":275,"quark:marble_bricks_stairs":7,"minecraft:oak_fence_gate":3,"minecraft:iron_ore":8050,"minecraft:cobweb":4,"minecraft:glass_bottle":4,"minecraft:iron_sword":1,"create:mechanical_saw":3,"elevatorid:elevator_white":2,"powah:uraninite_ore_dense":2,"worlds_with_ores:netherbricklavaobsidian":1,"immersive_aircraft:sturdy_pipes":19,"create:brass_nugget":18,"quark:grate":2,"quark:birch_trapped_chest":2,"minecraft:gravel":1564,"power_up_obsidians:fragment_diotisia":25,"powah:uraninite_raw":183,"create:gearbox":20,"travelersbackpack:standard":1,"create:millstone":4,"minecraft:firework_rocket":3081,"minecraft:coal_ore":9920,"immersiveengineering:seed":1391,"quark:paper_wall":9,"cfm:rock_path":7,"minecraft:redstone_ore":5,"minecraft:diamond_axe":3,"minecraft:gray_wool":1,"create:portable_storage_interface":10,"minecraft:warped_roots":9,"minecraft:oak_button":2,"minecraft:baked_potato":1,"minecraft:melon_seeds":5,"minecraft:warped_nylium":13,"immersiveengineering:capacitor_hv":3,"minecraft:crimson_nylium":2,"minecraft:hopper":46,"quark:biotite":425,"minecraft:ender_pearl":158,"minecraft:shulker_shell":12,"powah:uraninite_raw_dense":46,"minecraft:wheat":1170,"minecraft:redstone_block":1,"create:mechanical_crafter":102,"minecraft:potion":2,"minecraft:nether_brick":73,"waterstrainer:strainer_fisherman_reinforced":1,"quark:dusky_myalite":691,"engineersdecor:labeled_crate":2,"minecraft:lapis_block":1,"immersiveengineering:dust_sulfur":4,"immersiveengineering:ore_uranium":19,"minecraft:oak_sign":7,"create:andesite_funnel":2,"minecraft:activator_rail":4,"engineersdecor:steel_catwalk":52,"create:mechanical_press":2,"minecraft:bucket":4,"minecraft:comparator":3,"farmersdelight:cabbage":678,"minecraft:rose_bush":3,"minecraft:redstone_torch":28,"minecraft:cobblestone_slab":142,"minecraft:ender_eye":9,"farmersdelight:cabbage_seeds":545,"minecraft:iron_boots":1,"minecraft:furnace":5,"immersiveengineering:balloon":6,"quark:marble_bricks":1623,"minecraft:stick":176,"create:mechanical_mixer":1,"immersiveengineering:connector_hv":18,"minecraft:birch_trapdoor":67,"minecraft:oak_fence":82,"minecraft:torch":484,"minecraft:spruce_stairs":2,"minecraft:porkchop":13,"littlelogistics:fishing_barge":2,"immersiveengineering:ore_aluminum":87,"create:framed_glass":3,"minecraft:vine":1,"immersiveengineering:alloybrick":10,"create:natural_scoria":129,"immersiveengineering:fluid_pipe":158,"create:large_cogwheel":78,"quark:ancient_tome":15,"minecraft:cactus":1,"minecraft:rotten_flesh":408,"power_up_obsidians:fragment_scarcita":56,"quark:polished_marble":261,"waterstrainer:worm_bin":4,"minecraft:chorus_flower":1,"power_up_obsidians:scarcita_sword":3,"powah:uraninite_ore":17,"minecraft:music_disc_wait":3,"minecraft:obsidian":880,"minecraft:cod":44,"minecraft:cobblestone":11747,"create:speedometer":3,"paraglider:paraglider":3,"immersiveengineering:sample_drill":3,"minecraft:leather_chestplate":2,"minecraft:repeater":120,"minecraft:andesite":1356,"engineersdecor:factory_hopper":1,"minecraft:potato":797,"create:belt_connector":12,"paraglider:spirit_orb":13,"minecraft:light_gray_dye":312,"minecraft:prismarine_bricks":43,"cgm:heavy_rifle":1,"create:gabbro_cobblestone":2,"artifacts:flame_pendant":2,"minecraft:lapis_lazuli":316,"immersiveengineering:sheetmetal_iron":14,"minecraft:dirt":7776,"engineersdecor:factory_placer":1,"minecraft:leather_boots":1,"immersiveengineering:hemp_fiber":976,"minecraft:glass":25,"minecraft:bone":114,"create:copper_ore":207,"powah:steel_energized":12,"minecraft:bow":4,"minecraft:wheat_seeds":1309,"butchersdelight:sheepshank":16,"minecraft:bamboo":2575,"minecraft:mossy_stone_bricks":6,"minecraft:fletching_table":1,"create:flywheel":4,"minecraft:powered_rail":18,"minecraft:prismarine":16,"quark:purpur_chest":9,"minecraft:oak_planks":606,"create:radial_chassis":2,"engineersdecor:fluid_barrel":10,"immersiveengineering:creosote_bucket":2,"create:cogwheel":125,"minecraft:poisonous_potato":4,"quark:dark_oak_ladder":15,"minecraft:sand":382,"minecraft:melon":698,"prettypipes:pipe":193,"minecraft:grass_block":16,"farmersdelight:cooked_mutton_chops":6,"minecraft:shulker_box":22,"minecraft:mossy_cobblestone":7,"minecraft:dark_prismarine":33,"immersiveengineering:ore_silver":161,"butchersdelight:sheeploin":6,"minecraft:light_gray_concrete":1,"butchersdelight:ham":19,"minecraft:diamond":180,"waterstrainer:strainer_base":10,"minecraft:bone_meal":677,"minecraft:golden_apple":8,"minecraft:white_concrete":40,"minecraft:emerald":280,"minecraft:chorus_fruit":342,"astikorcarts:plow":1,"minecraft:oak_sapling":864,"butchersdelight:hook":1,"create:furnace_engine":4,"minecraft:netherrack":8542,"butchersdelight:porkloin":14,"create:stressometer":5,"create:white_sail":20,"minecraft:end_stone_bricks":22,"quark:crimson_chest":1,"minecraft:charcoal":6,"minecraft:azure_bluet":7,"minecraft:chicken":4,"minecraft:ladder":2,"worlds_with_ores:netherbricklavabrown":71,"minecraft:packed_ice":2675,"minecraft:brown_mushroom":1,"create:rotation_speed_controller":3,"immersiveengineering:heavy_engineering":4,"minecraft:stone_brick_wall":1,"minecraft:gold_block":11,"worlds_with_ores:netherbricklavastonedark":64,"create:mechanical_harvester":12,"minecraft:oak_trapdoor":28,"immersive_aircraft:biplane":22,"minecraft:item_frame":5,"butchersdelight:deadchickenblock":3,"minecraft:blackstone":44,"waterstrainer:strainer_fisherman_solid":7,"paraglider:rito_goddess_statue":1,"vehicle:fluid_pipe":10,"farmersdelight:straw":57,"minecraft:oak_boat":16,"create:zinc_ore":441,"immersiveengineering:workbench":1,"create:basin":1,"minecraft:observer":16,"minecraft:light_gray_wool":5,"minecraft:lectern":2,"minecraft:sugar_cane":168,"immersiveengineering:sheetmetal_steel":16,"minecraft:phantom_membrane":13,"butchersdelight:sheeprack":8,"create:sequenced_gearshift":1,"minecraft:dark_oak_sapling":49,"cfm:cyan_kitchen_counter":11,"minecraft:end_stone":633,"spartanshields:shield_basic_iron":2,"worlds_with_ores:netherbrickbrinstar":47,"minecraft:bowl":2,"minecraft:stone_button":10,"quark:birch_chest":4,"minecraft:iron_horse_armor":1,"minecraft:dark_oak_planks":8,"create:deployer":34,"farmersdelight:cooked_cod_slice":656,"minecraft:arrow":103,"immersiveengineering:steel_scaffolding_standard":71,"quark:smooth_basalt":140,"cgm:assault_rifle":1,"powah:uraninite_raw_poor":423,"artifacts:running_shoes":7,"minecraft:saddle":1,"immersiveengineering:ingot_steel":15,"minecraft:wet_sponge":121,"minecraft:salmon":5,"minecraft:leather":41,"littlelogistics:barge":1,"immersiveengineering:breaker_switch":10,"minecraft:birch_planks":374,"minecraft:ice":2,"powah:energy_cable_hardened":201,"artifacts:superstitious_hat":3,"minecraft:cobblestone_stairs":11,"minecraft:yellow_bed":1,"artifacts:cloud_in_a_bottle":1,"minecraft:nether_wart_block":1,"minecraft:gunpowder":65,"create:blaze_burner":2,"immersive_aircraft:gyrodyne":26,"engineersdecor:metal_sliding_door":2,"quark:deepslate":273,"minecraft:heart_of_the_sea":1,"minecraft:iron_ingot":713,"quark:tallow":12,"travelersbackpack:coal":1,"minecraft:stripped_oak_wood":1,"waterstrainer:bait_pot":37,"quark:myalite":36,"minecraft:book":1407,"minecraft:scaffolding":381,"minecraft:oak_slab":15,"create:mechanical_bearing":1,"minecraft:warped_fungus":1,"minecraft:stone_brick_slab":4,"minecraft:quartz":841,"minecraft:dandelion":11,"cgm:specialised_grip":1,"minecraft:white_bed":18,"minecraft:gold_ore":5522,"immersiveengineering:slab_sheetmetal_steel":2,"quark:oak_chest":3,"minecraft:spider_eye":100,"usefulbackpacks:backpack_large":6,"engineersdecor:steel_table":12,"immersive_aircraft:enhanced_propeller":15,"powah:energizing_rod_basic":25,"travelersbackpack:fox":10,"butchersdelight:sheephide":5,"minecraft:music_disc_mall":4,"minecraft:pumpkin_seeds":8,"minecraft:white_concrete_powder":1,"create:brass_ingot":46,"immersiveengineering:ore_lead":96,"minecraft:coal":32516},"minecraft:crafted":{"minecraft:ender_chest":2,"immersive_aircraft:engine":3,"minecraft:black_dye":2,"minecraft:smooth_stone":14,"immersiveengineering:hammer":2,"farmersdelight:cabbage":9,"minecraft:oak_sign":15,"quark:birch_chest":3,"immersive_aircraft:sturdy_pipes":1,"paraglider:rito_goddess_statue":1,"waystones:portstone":1,"create:brass_nugget":45,"minecraft:slime_block":4,"minecraft:loom":2,"waystones:warp_plate":1,"minecraft:lever":3,"minecraft:diamond_shovel":3,"farmersdelight:rope":57,"minecraft:bookshelf":2,"minecraft:nether_brick":1935,"minecraft:gray_wool":2,"patchouli:guide_book":1,"immersiveengineering:workbench":2,"immersiveengineering:stick_steel":40,"prettypipes:blank_module":1,"create:radial_chassis":6,"create:rotation_speed_controller":2,"spartanshields:shield_basic_diamond":1,"immersiveengineering:ingot_silver":1,"minecraft:repeater":29,"create:andesite_funnel":8,"minecraft:diamond_helmet":1,"minecraft:diamond_leggings":1,"immersiveengineering:light_engineering":12,"engineersdecor:metal_crafting_table":1,"minecraft:iron_door":6,"powah:energizing_rod_starter":1,"create:brass_funnel":4,"quark:paper_wall":18,"waterstrainer:obsidian_mesh":3,"power_up_obsidians:diotisia_sword":1,"minecraft:glass_bottle":3,"minecraft:wooden_shovel":1,"create:rose_quartz":7,"minecraft:emerald":4,"waystones:return_scroll":3,"minecraft:diamond_axe":2,"farmersdelight:cabbage_crate":202,"waterstrainer:bait_pot":1,"immersiveengineering:slab_treated_wood_horizontal":36,"immersiveengineering:blastbrick_reinforced":29,"minecraft:smithing_table":2,"minecraft:clock":1,"minecraft:sticky_piston":3,"minecraft:fletching_table":1,"prettypipes:low_extraction_module":2,"minecraft:hay_block":1,"waystones:warp_stone":1,"power_up_obsidians:diamond_obsidian_sword":1,"minecraft:campfire":2,"create:encased_chain_drive":2,"engineersdecor:metal_sliding_door":2,"immersive_aircraft:propeller":3,"minecraft:cartography_table":1,"create:gearbox":3,"farmersdelight:horse_feed":1,"minecraft:lectern":1,"minecraft:stone_slab":6,"quark:oak_chest":109,"minecraft:iron_pickaxe":2,"minecraft:sandstone":8,"immersiveengineering:heavy_engineering":8,"minecraft:composter":11,"immersiveengineering:capacitor_hv":1,"power_up_obsidians:obsidian_armor_boots":1,"minecraft:golden_carrot":1,"powah:dielectric_casing":1,"create:wrench":2,"immersiveengineering:survey_tools":1,"minecraft:jukebox":1,"minecraft:iron_nugget":54,"minecraft:diamond_hoe":3,"engineersdecor:thin_steel_pole":20,"immersive_aircraft:biplane":1,"minecraft:bone_meal":24,"power_up_obsidians:obsidian_armor_helmet":1,"power_up_obsidians:fragment_armor_chestplate":1,"quark:grate":1,"waystones:warp_scroll":3,"immersiveengineering:fluid_pump":4,"prettypipes:high_retrieval_module":2,"farmersdelight:carrot_crate":165,"minecraft:ladder":36,"minecraft:stone_pickaxe":1,"minecraft:diamond_boots":1,"prettypipes:low_retrieval_module":2,"immersiveengineering:treated_fence":15,"usefulbackpacks:backpack_enderchest":1,"immersiveengineering:plate_nickel":1,"prettypipes:crafting_terminal":2,"minecraft:lead":1,"create:windmill_bearing":1,"create:crafter_slot_cover":21,"vehicle:fluid_pipe":16,"minecraft:coal_block":4442,"engineersdecor:factory_dropper":1,"supertools:shoveldiamond":1,"engineersdecor:small_lab_furnace":1,"quark:potato_crate":15,"farmersdelight:onion_crate":168,"immersiveengineering:rs_engineering":8,"create:dough":146,"create:goggles":1,"immersive_aircraft:industrial_gears":1,"farmersdelight:cooking_pot":1,"engineersdecor:labeled_crate":2,"immersiveengineering:blueprint":2,"create:speedometer":1,"powah:energy_cell_starter":1,"quark:marble_bricks_stairs":24,"immersiveengineering:alloybrick":8,"create:mechanical_arm":1,"immersiveengineering:conveyor_basic":152,"minecraft:birch_trapdoor":42,"immersive_aircraft:nether_engine":1,"minecraft:writable_book":1,"torchmaster:feral_flare_lantern":3,"immersiveengineering:jerrycan":1,"powah:capacitor_basic":8,"create:shaft":184,"farmersdelight:diamond_knife":1,"prettypipes:medium_speed_module":1,"power_up_obsidians:fragment_armor_boots":1,"minecraft:brick":160,"minecraft:grindstone":1,"immersiveengineering:component_steel":2,"minecraft:oak_planks":192,"minecraft:cobblestone_slab":2118,"minecraft:barrel":5,"engineersdecor:factory_placer":1,"immersive_aircraft:eco_engine":1,"quark:bamboo_block":163,"powah:reactor_starter":4,"immersiveengineering:manual":2,"quark:birch_ladder":8,"minecraft:cobblestone_stairs":20,"minecraft:stone":412,"immersiveengineering:steel_scaffolding_standard":12,"immersiveengineering:sheetmetal_iron":72,"immersiveengineering:coal_coke":288,"create:mechanical_bearing":2,"prettypipes:high_extraction_module":3,"create:deployer":2,"engineersdecor:factory_hopper":1,"immersiveengineering:cloche":1,"farmersdelight:safety_net":12,"power_up_obsidians:scarcita_sword":1,"create:copper_nugget":9,"immersive_aircraft:hull":13,"minecraft:chest":136,"power_up_obsidians:obsidian_armor_chestplate":1,"minecraft:oak_button":2,"immersiveengineering:treated_wood_horizontal":16,"powah:energizing_rod_basic":3,"littlelogistics:fishing_barge":1,"minecraft:chiseled_stone_bricks":6,"immersiveengineering:wooden_grip":1,"immersiveengineering:plate_steel":42,"minecraft:stone_bricks":20,"create:brass_hand":1,"power_up_obsidians:diotisias_armor_leggings":1,"minecraft:smoker":1,"farmersdelight:stove":2,"minecraft:white_banner":3,"immersive_aircraft:gyroscope":1,"minecraft:dropper":16,"minecraft:item_frame":1,"create:depot":4,"minecraft:oak_slab":84,"minecraft:cauldron":2,"minecraft:crafting_table":7,"prettypipes:medium_extraction_module":3,"immersiveengineering:wire_copper":3,"immersiveengineering:cokebrick":99,"minecraft:hopper_minecart":3,"butchersdelight:cleaver":1,"minecraft:birch_planks":936,"farmersdelight:skillet":1,"minecraft:creeper_banner_pattern":1,"create:stressometer":1,"waterstrainer:strainer_base":3,"farmersdelight:cutting_board":1,"create:sequenced_gearshift":1,"minecraft:dark_oak_slab":6,"minecraft:book":6,"minecraft:iron_chestplate":1,"minecraft:purple_dye":82,"immersiveengineering:blastbrick":81,"minecraft:diamond_pickaxe":33,"create:water_wheel":4,"minecraft:shield":1,"create:portable_storage_interface":2,"create:super_glue":1,"minecraft:stick":224,"minecraft:iron_ingot":54,"create:brass_casing":4,"prettypipes:medium_retrieval_module":2,"immersiveengineering:stick_treated":12,"paraglider:goron_goddess_statue":1,"powah:energy_cell_hardened":1,"immersiveengineering:nugget_silver":9,"minecraft:shears":1,"power_up_obsidians:diamond_obsidian_armor_armor_boots":1,"minecraft:polished_andesite":4,"travelersbackpack:netherite_tier_upgrade":1,"minecraft:oak_door":6,"immersiveengineering:slab_sheetmetal_steel":6,"immersiveengineering:plate_silver":88,"minecraft:coal":420,"power_up_obsidians:diotisias_armor_boots":1,"powah:energy_cell_basic":2,"immersive_aircraft:sail":2,"power_up_obsidians:obsidian_sword":1,"minecraft:blast_furnace":3,"minecraft:furnace":4,"minecraft:stone_button":1,"minecraft:piston":12,"minecraft:gray_dye":2,"power_up_obsidians:obsidian_armor_leggings":1,"quark:framed_glass":4,"waystones:bound_scroll":3,"immersiveengineering:sheetmetal_steel":20,"minecraft:glass_pane":80,"minecraft:oak_trapdoor":16,"quark:dark_oak_chest":30,"minecraft:scaffolding":30,"farmersdelight:oak_pantry":1,"minecraft:blue_ice":298,"prettypipes:item_terminal":2,"farmersdelight:tomato_crate":202,"farmersdelight:cabbage_rolls":164,"minecraft:iron_axe":1,"minecraft:slime_ball":19,"prettypipes:pressurizer":2,"immersiveengineering:component_iron":2,"immersiveengineering:breaker_switch":4,"prettypipes:pipe":4,"powah:dielectric_rod_horizontal":1,"minecraft:observer":2,"minecraft:minecart":2,"minecraft:magma_cream":2,"minecraft:sugar":1920,"immersive_aircraft:enhanced_propeller":1,"power_up_obsidians:fragment_armor_leggings":1,"minecraft:diamond_sword":1,"littlelogistics:barge":1,"minecraft:iron_trapdoor":2,"immersive_aircraft:boiler":1,"powah:energizing_orb":1,"minecraft:powered_rail":6,"power_up_obsidians:diamond_obsidian_armor_armor_chestplate":1,"minecraft:activator_rail":6,"minecraft:iron_sword":2,"minecraft:bucket":60,"power_up_obsidians:diamond_obsidian_armor_armor_helmet":1,"minecraft:lodestone":1,"minecraft:air":10468,"immersiveengineering:balloon":6,"minecraft:oak_boat":2,"immersive_aircraft:gyrodyne":1,"minecraft:stonecutter":1,"waystones:warp_dust":4,"quark:polished_marble":36,"minecraft:torch":36,"cfm:cyan_kitchen_counter":16,"minecraft:lapis_lazuli":18,"immersiveengineering:craftingtable":3,"minecraft:firework_rocket":636},"minecraft:custom":{"minecraft:interact_with_crafting_table":27,"minecraft:open_barrel":3,"minecraft:leave_game":148,"minecraft:time_since_death":1335702,"minecraft:deaths":27,"minecraft:jump":21524,"minecraft:interact_with_furnace":72,"minecraft:play_record":4,"minecraft:traded_with_villager":23,"minecraft:sleep_in_bed":43,"minecraft:waystone_activated":4,"minecraft:damage_dealt":145636,"minecraft:interact_with_smoker":22,"minecraft:inspect_dispenser":103,"minecraft:interact_with_smithing_table":20,"minecraft:inspect_dropper":2,"minecraft:interact_with_anvil":15,"minecraft:inspect_hopper":96,"minecraft:sneak_time":70085,"minecraft:interact_with_blast_furnace":35,"minecraft:interact_with_stonecutter":22,"minecraft:time_since_rest":159054,"minecraft:swim_one_cm":686244,"minecraft:fly_one_cm":3280079,"minecraft:open_chest":1436,"minecraft:fall_one_cm":406117,"minecraft:animals_bred":4,"minecraft:open_shulker_box":79,"minecraft:sprint_one_cm":7222085,"minecraft:drop":286,"minecraft:talked_to_villager":194,"minecraft:walk_on_water_one_cm":282683,"minecraft:play_one_minute":7434404,"minecraft:interact_with_loom":13,"minecraft:open_enderchest":31,"minecraft:crouch_one_cm":167328,"minecraft:mob_kills":1061,"minecraft:climb_one_cm":201404,"minecraft:walk_one_cm":8705912,"minecraft:walk_under_water_one_cm":627544,"minecraft:boat_one_cm":51707,"minecraft:damage_taken":29281,"minecraft:damage_absorbed":1801,"minecraft:trigger_trapped_chest":41,"minecraft:minecart_one_cm":7452,"minecraft:aviate_one_cm":66201},"minecraft:dropped":{"waterstrainer:bait_pot":1,"waterstrainer:strainer_fisherman_reinforced":1,"create:cogwheel":5,"butchersdelight:cookedbeefribs":5,"minecraft:dirt":13,"create:goggles":1,"minecraft:bone":2,"minecraft:oak_door":1,"minecraft:sugar_cane":5,"minecraft:iron_nugget":192,"minecraft:nether_brick":47,"minecraft:wheat":906,"minecraft:white_bed":10,"immersiveengineering:sheetmetal_iron":1,"cgm:basic_bullet":240,"waterstrainer:worm_bin":1,"minecraft:coal_ore":8668,"power_up_obsidians:scarcita_sword":2,"cfm:cyan_kitchen_counter":3,"minecraft:enchanted_book":1,"minecraft:iron_ingot":1948,"minecraft:wheat_seeds":267,"minecraft:cobblestone":10,"minecraft:coal":1956,"minecraft:golden_apple":1,"minecraft:redstone_ore":5,"butchersdelight:ham":5,"minecraft:diamond_ore":1,"minecraft:potato":16,"minecraft:stone":9,"create:zinc_ingot":481,"minecraft:diamond_pickaxe":2,"minecraft:bamboo":1409,"minecraft:bow":1,"create:copper_ingot":568,"minecraft:diamond_axe":1,"minecraft:oak_log":13,"minecraft:baked_potato":1,"immersiveengineering:dust_coke":174,"immersiveengineering:conveyor_basic":137,"immersiveengineering:coal_coke":1671,"immersiveengineering:ingot_steel":16,"immersiveengineering:coke":52,"gravestone:obituary":1,"farmersdelight:onion":230,"paraglider:paraglider":1,"minecraft:gold_ingot":1,"cgm:machine_pistol":1,"minecraft:carrot":4463,"immersiveengineering:cokebrick":48,"minecraft:gunpowder":150,"immersiveengineering:slag":64,"minecraft:chest":3,"create:brass_ingot":271,"create:wheat_flour":107,"immersiveengineering:creosote_bucket":1,"minecraft:quartz":1,"immersiveengineering:seed":175,"immersive_aircraft:hull_reinforcement":1,"quark:marble_bricks":1,"minecraft:torch":1,"minecraft:cactus":1,"minecraft:bucket":2,"minecraft:warped_nylium":8,"create:shaft":1,"minecraft:oak_sapling":438,"immersiveengineering:hemp_fiber":26,"create:golden_sheet":1}},"DataVersion":2586}